Type,Label,Identifier,Initials,Short Label,Summary,Chronological Position,Narrative Position,Color,Parent,Ongoing,Start Date,Latest Start Date,Duration,Earliest End Date,End Date,Tags,Blocked By,Blocks,Date Constraints,Links,Image (Links only),Relates to,Task Type,Priority
Task,"01 - Understand/Review: Vision, Mission, Strategy, Business Requirements, Market Research","TSK1",,,,1,,Denim,,False,2023-01-09 12:00,,"2 weeks",,2023-01-23 12:00,"Understand/Review","","TSK1,TSK1,TSK1,TSK1,TSK1,TSK1,TSK1,TSK1,TSK1,TSK1,TSK1,TSK1,TSK1,TSK1,TSK1,TSK1,TSK1,TSK1,TSK1,TSK1,TSK1,TSK1,TSK1,TSK1,TSK1,TSK1,TSK1,TSK1,TSK1,TSK1,TSK1,TSK1,TSK1,TSK1,TSK1,TSK1,TSK1,TSK1,TSK1,TSK1,TSK1,TSK1,TSK1,TSK1,TSK1,TSK1,TSK1,TSK1,TSK1,TSK1,TSK1,TSK1,TSK1,TSK1,TSK1,TSK1,TSK1,TSK1,TSK1,TSK1,TSK1,TSK1,TSK1,TSK1,TSK1,TSK1,TSK1,TSK1,TSK1","","",,"TSK2","Routine","High"
Task,"01 - Understand/Review: Current MVP and technology stack","TSK2",,,,2,,Denim,,False,2023-01-23 12:00,,"2 weeks",,2023-02-06 12:00,"Understand/Review","TSK1","TSK2,TSK2,TSK2,TSK2,TSK2,TSK2,TSK2,TSK2,TSK2,TSK2,TSK2,TSK2,TSK2,TSK2,TSK2,TSK2,TSK2,TSK2,TSK2,TSK2,TSK2,TSK2,TSK2,TSK2,TSK2,TSK2,TSK2,TSK2,TSK2,TSK2,TSK2,TSK2,TSK2,TSK2,TSK2,TSK2,TSK2,TSK2,TSK2,TSK2,TSK2,TSK2,TSK2,TSK2,TSK2,TSK2,TSK2,TSK2,TSK2,TSK2,TSK2,TSK2,TSK2,TSK2,TSK2,TSK2,TSK2,TSK2,TSK2,TSK2,TSK2,TSK2,TSK2,TSK2,TSK2,TSK2,TSK2,TSK2","","",,"","Routine","High"
Task,"02 - Co-create & Co-develop: Investment/funding sources, relevant capital and resources availability - plan and strategies","TSK3",,,"",3,,Light Purple,,False,2023-02-06 12:00,,"2 weeks",,2023-02-20 12:00,"Co-create & Co-develop","TSK1,TSK2","TSK3,TSK3,TSK3,TSK3,TSK3,TSK3,TSK3,TSK3,TSK3,TSK3,TSK3,TSK3,TSK3,TSK3,TSK3,TSK3,TSK3,TSK3,TSK3,TSK3,TSK3,TSK3,TSK3,TSK3,TSK3,TSK3,TSK3,TSK3,TSK3,TSK3,TSK3,TSK3,TSK3,TSK3,TSK3,TSK3,TSK3,TSK3,TSK3,TSK3,TSK3,TSK3,TSK3,TSK3,TSK3,TSK3,TSK3,TSK3,TSK3,TSK3,TSK3,TSK3,TSK3,TSK3,TSK3,TSK3,TSK3,TSK3,TSK3,TSK3,TSK3,TSK3,TSK3,TSK3,TSK3,TSK3,TSK3","","",,"","",""
Task,"02 - Co-create & Co-develop: Business roadmap","TSK4",,,,4,,Light Purple,,False,2023-02-20 16:24,,"2 weeks",,2023-03-06 16:24,"Co-create & Co-develop","TSK1,TSK3,TSK2","TSK4,TSK4,TSK4,TSK4,TSK4,TSK4,TSK4,TSK4,TSK4,TSK4,TSK4,TSK4,TSK4,TSK4,TSK4,TSK4,TSK4,TSK4,TSK4,TSK4,TSK4,TSK4,TSK4,TSK4,TSK4,TSK4,TSK4,TSK4,TSK4,TSK4,TSK4,TSK4,TSK4,TSK4,TSK4,TSK4,TSK4,TSK4,TSK4,TSK4,TSK4,TSK4,TSK4,TSK4,TSK4,TSK4,TSK4,TSK4,TSK4,TSK4,TSK4,TSK4,TSK4,TSK4,TSK4,TSK4,TSK4,TSK4,TSK4,TSK4,TSK4,TSK4,TSK4,TSK4,TSK4,TSK4","","",,"","",""
Task,"02 - Co-create & Co-develop: Technology roadmap","TSK5",,,,5,,Light Purple,,False,2023-03-06 16:24,,"0 seconds",,2023-03-06 16:24,"Co-create & Co-develop","TSK1,TSK3,TSK2,TSK4","TSK5,TSK5,TSK5,TSK5,TSK5,TSK5,TSK5,TSK5,TSK5,TSK5,TSK5,TSK5,TSK5,TSK5,TSK5,TSK5,TSK5,TSK5,TSK5,TSK5,TSK5,TSK5,TSK5,TSK5,TSK5,TSK5,TSK5,TSK5,TSK5,TSK5,TSK5,TSK5,TSK5,TSK5,TSK5,TSK5,TSK5,TSK5,TSK5,TSK5,TSK5,TSK5,TSK5,TSK5,TSK5,TSK5,TSK5,TSK5,TSK5,TSK5,TSK5,TSK5,TSK5,TSK5,TSK5,TSK5,TSK5,TSK5,TSK5,TSK5,TSK5,TSK5,TSK5,TSK5,TSK5","","",,"","",""
Task,"02 - Co-create & Co-develop: Resource allocation","TSK6",,,,6,,Light Purple,,False,2023-03-25 10:00,,"0 seconds",,2023-03-25 10:00,"Co-create & Co-develop","TSK1,TSK3,TSK2,TSK4,TSK5","TSK6,TSK6,TSK6,TSK6,TSK6,TSK6,TSK6,TSK6,TSK6,TSK6,TSK6,TSK6,TSK6,TSK6,TSK6,TSK6,TSK6,TSK6,TSK6,TSK6,TSK6,TSK6,TSK6,TSK6,TSK6,TSK6,TSK6,TSK6,TSK6,TSK6,TSK6,TSK6,TSK6,TSK6,TSK6,TSK6,TSK6,TSK6,TSK6,TSK6,TSK6,TSK6,TSK6,TSK6,TSK6,TSK6,TSK6,TSK6,TSK6,TSK6,TSK6,TSK6,TSK6,TSK6,TSK6,TSK6,TSK6,TSK6,TSK6,TSK6,TSK6,TSK6,TSK6,TSK6","","",,"","",""
Task,"02 - Co-create & Co-develop: Feature prioritisation","TSK7",,,,7,,Light Purple,,False,2023-04-12 14:00,,"0 seconds",,2023-04-12 14:00,"Co-create & Co-develop","TSK1,TSK3,TSK4,TSK5,TSK2,TSK6","TSK7,TSK7,TSK7,TSK7,TSK7,TSK7,TSK7,TSK7,TSK7,TSK7,TSK7,TSK7,TSK7,TSK7,TSK7,TSK7,TSK7,TSK7,TSK7,TSK7,TSK7,TSK7,TSK7,TSK7,TSK7,TSK7,TSK7,TSK7,TSK7,TSK7,TSK7,TSK7,TSK7,TSK7,TSK7,TSK7,TSK7,TSK7,TSK7,TSK7,TSK7,TSK7,TSK7,TSK7,TSK7,TSK7,TSK7,TSK7,TSK7,TSK7,TSK7,TSK7,TSK7,TSK7,TSK7,TSK7,TSK7,TSK7,TSK7,TSK7,TSK7,TSK7,TSK7","","",,"","",""
Task,"02 - Co-Create & Co-develop: Define MVP scope","TSK8",,,,8,,Light Purple,,False,2023-04-30 07:00,,"0 seconds",,2023-04-30 07:00,"Co-create & Co-develop","TSK1,TSK2,TSK3,TSK4,TSK5,TSK6,TSK7","TSK8,TSK8,TSK8,TSK8,TSK8,TSK8,TSK8,TSK8,TSK8,TSK8,TSK8,TSK8,TSK8,TSK8,TSK8,TSK8,TSK8,TSK8,TSK8,TSK8,TSK8,TSK8,TSK8,TSK8,TSK8,TSK8,TSK8,TSK8,TSK8,TSK8,TSK8,TSK8,TSK8,TSK8,TSK8,TSK8,TSK8,TSK8,TSK8,TSK8,TSK8,TSK8,TSK8,TSK8,TSK8,TSK8,TSK8,TSK8,TSK8,TSK8,TSK8,TSK8,TSK8,TSK8,TSK8,TSK8,TSK8,TSK8,TSK8,TSK8,TSK8,TSK8","","",,"","",""
Task,"02 - Co-create & Co-develop: Refine immediate term, short term, medium term, long term and far future strategies","TSK9",,,,9,,Light Purple,,False,2023-05-24 11:00,,"0 seconds",,2023-05-24 11:00,"Co-create & Co-develop","TSK1,TSK2,TSK3,TSK4,TSK5,TSK6,TSK7,TSK8","TSK9,TSK9,TSK9,TSK9,TSK9,TSK9,TSK9,TSK9,TSK9,TSK9,TSK9,TSK9,TSK9,TSK9,TSK9,TSK9,TSK9,TSK9,TSK9,TSK9,TSK9,TSK9,TSK9,TSK9,TSK9,TSK9,TSK9,TSK9,TSK9,TSK9,TSK9,TSK9,TSK9,TSK9,TSK9,TSK9,TSK9,TSK9,TSK9,TSK9,TSK9,TSK9,TSK9,TSK9,TSK9,TSK9,TSK9,TSK9,TSK9,TSK9,TSK9,TSK9,TSK9,TSK9,TSK9,TSK9,TSK9,TSK9,TSK9,TSK9,TSK9","","",,"","",""
Task,"02 - Co-create & Co-develop: Perform feasibility analysis","TSK10",,,,10,,Light Purple,,False,2023-06-14 10:00,,"0 seconds",,2023-06-14 10:00,"Co-create & Co-develop","TSK1,TSK2,TSK3,TSK4,TSK5,TSK6,TSK7,TSK8,TSK9","TSK10,TSK10,TSK10,TSK10,TSK10,TSK10,TSK10,TSK10,TSK10,TSK10,TSK10,TSK10,TSK10,TSK10,TSK10,TSK10,TSK10,TSK10,TSK10,TSK10,TSK10,TSK10,TSK10,TSK10,TSK10,TSK10,TSK10,TSK10,TSK10,TSK10,TSK10,TSK10,TSK10,TSK10,TSK10,TSK10,TSK10,TSK10,TSK10,TSK10,TSK10,TSK10,TSK10,TSK10,TSK10,TSK10,TSK10,TSK10,TSK10,TSK10,TSK10,TSK10,TSK10,TSK10,TSK10,TSK10,TSK10,TSK10,TSK10,TSK10","","",,"","",""
Task,"02 - Co-create & Co-develop: Identify and co-create scaling and monetisation strategies","TSK12",,,,11,,Light Purple,,False,2023-07-06 16:00,,"0 seconds",,2023-07-06 16:00,"Co-create & Co-develop","TSK1,TSK2,TSK3,TSK9,TSK7,TSK6,TSK4,TSK5,TSK8,TSK10","TSK12,TSK12,TSK12,TSK12,TSK12,TSK12,TSK12,TSK12,TSK12,TSK12,TSK12,TSK12,TSK12,TSK12,TSK12,TSK12,TSK12,TSK12,TSK12,TSK12,TSK12,TSK12,TSK12,TSK12,TSK12,TSK12,TSK12,TSK12,TSK12,TSK12,TSK12,TSK12,TSK12,TSK12,TSK12,TSK12,TSK12,TSK12,TSK12,TSK12,TSK12,TSK12,TSK12,TSK12,TSK12,TSK12,TSK12,TSK12,TSK12,TSK12,TSK12,TSK12,TSK12,TSK12,TSK12,TSK12,TSK12,TSK12,TSK12","","",,"","",""
Task,"02 - Co-create & Co-develop: Initial launch, kick-off and marketing plan","TSK18",,,,12,,Light Purple,,False,2023-07-28 04:00,,"0 seconds",,2023-07-28 04:00,"Co-create & Co-develop","TSK1,TSK2,TSK3,TSK4,TSK5,TSK6,TSK7,TSK8,TSK9,TSK10,TSK12","TSK18,TSK18,TSK18,TSK18,TSK18,TSK18,TSK18,TSK18,TSK18,TSK18,TSK18,TSK18,TSK18,TSK18,TSK18,TSK18,TSK18,TSK18,TSK18,TSK18,TSK18,TSK18,TSK18,TSK18,TSK18,TSK18,TSK18,TSK18,TSK18,TSK18,TSK18,TSK18,TSK18,TSK18,TSK18,TSK18,TSK18,TSK18,TSK18,TSK18,TSK18,TSK18,TSK18,TSK18,TSK18,TSK18,TSK18,TSK18,TSK18,TSK18,TSK18,TSK18,TSK18,TSK18,TSK18,TSK18,TSK18,TSK18","","",,"","",""
Task,"02 - Co-create & Co-develop: Strategy for initial seed of users (for all supported roles/categories)","TSK19",,,,13,,Light Purple,,False,2023-08-17 03:00,,"0 seconds",,2023-08-17 03:00,"Co-create & Co-develop","TSK1,TSK2,TSK3,TSK4,TSK5,TSK6,TSK7,TSK8,TSK9,TSK10,TSK12,TSK18","TSK19,TSK19,TSK19,TSK19,TSK19,TSK19,TSK19,TSK19,TSK19,TSK19,TSK19,TSK19,TSK19,TSK19,TSK19,TSK19,TSK19,TSK19,TSK19,TSK19,TSK19,TSK19,TSK19,TSK19,TSK19,TSK19,TSK19,TSK19,TSK19,TSK19,TSK19,TSK19,TSK19,TSK19,TSK19,TSK19,TSK19,TSK19,TSK19,TSK19,TSK19,TSK19,TSK19,TSK19,TSK19,TSK19,TSK19,TSK19,TSK19,TSK19,TSK19,TSK19,TSK19,TSK19,TSK19,TSK19,TSK19","","",,"","",""
Task,"02 - Co-create & Co-develop: Suitable product and intellectual property licensing strategies","TSK48",,,,14,,Light Purple,,False,2023-09-16 06:00,,"0 seconds",,2023-09-16 06:00,"Co-create & Co-develop","TSK1,TSK2,TSK3,TSK4,TSK5,TSK6,TSK7,TSK8,TSK9,TSK10,TSK12,TSK18,TSK19","TSK48,TSK48,TSK48,TSK48,TSK48,TSK48,TSK48,TSK48,TSK48,TSK48,TSK48,TSK48,TSK48,TSK48,TSK48,TSK48,TSK48,TSK48,TSK48,TSK48,TSK48,TSK48,TSK48,TSK48,TSK48,TSK48,TSK48,TSK48,TSK48,TSK48,TSK48,TSK48,TSK48,TSK48,TSK48,TSK48,TSK48,TSK48,TSK48,TSK48,TSK48,TSK48,TSK48,TSK48,TSK48,TSK48,TSK48,TSK48,TSK48,TSK48,TSK48,TSK48,TSK48,TSK48,TSK48,TSK48","","",,"","",""
Task,"03 - Build & Lead: Once secured investment, develop hiring plan","TSK14",,,,15,,Dark Purple,,False,2023-10-07 18:00,,"0 seconds",,2023-10-07 18:00,"Build & Lead","TSK1,TSK2,TSK3,TSK4,TSK5,TSK6,TSK7,TSK8,TSK9,TSK10,TSK12,TSK18,TSK19,TSK48","TSK14,TSK14,TSK14,TSK14,TSK14,TSK14,TSK14,TSK14,TSK14,TSK14,TSK14,TSK14,TSK14,TSK14,TSK14,TSK14,TSK14,TSK14,TSK14,TSK14,TSK14,TSK14,TSK14,TSK14,TSK14,TSK14,TSK14,TSK14,TSK14,TSK14,TSK14,TSK14,TSK14,TSK14,TSK14,TSK14,TSK14,TSK14,TSK14,TSK14,TSK14,TSK14,TSK14,TSK14,TSK14,TSK14,TSK14,TSK14,TSK14,TSK14,TSK14,TSK14,TSK14,TSK14,TSK14","","",,"","",""
Task,"03 - Build & Lead: Foster and co-create culture","TSK15",,,,16,,Dark Purple,,False,2023-10-28 11:00,,"0 seconds",,2023-10-28 11:00,"Build & Lead","TSK1,TSK2,TSK3,TSK4,TSK5,TSK6,TSK7,TSK8,TSK9,TSK10,TSK12,TSK18,TSK19,TSK48,TSK14","TSK15,TSK15,TSK15,TSK15,TSK15,TSK15,TSK15,TSK15,TSK15,TSK15,TSK15,TSK15,TSK15,TSK15,TSK15,TSK15,TSK15,TSK15,TSK15,TSK15,TSK15,TSK15,TSK15,TSK15,TSK15,TSK15,TSK15,TSK15,TSK15,TSK15,TSK15,TSK15,TSK15,TSK15,TSK15,TSK15,TSK15,TSK15,TSK15,TSK15,TSK15,TSK15,TSK15,TSK15,TSK15,TSK15,TSK15,TSK15,TSK15,TSK15,TSK15,TSK15,TSK15,TSK15","","",,"","",""
Task,"03 - Build & Lead: Develop mentorship and leadership strategies","TSK16",,,,17,,Dark Purple,,False,2023-11-19 02:00,,"0 seconds",,2023-11-19 02:00,"Build & Lead","TSK1,TSK2,TSK3,TSK4,TSK5,TSK6,TSK7,TSK8,TSK9,TSK10,TSK12,TSK18,TSK19,TSK48,TSK14,TSK15","TSK16,TSK16,TSK16,TSK16,TSK16,TSK16,TSK16,TSK16,TSK16,TSK16,TSK16,TSK16,TSK16,TSK16,TSK16,TSK16,TSK16,TSK16,TSK16,TSK16,TSK16,TSK16,TSK16,TSK16,TSK16,TSK16,TSK16,TSK16,TSK16,TSK16,TSK16,TSK16,TSK16,TSK16,TSK16,TSK16,TSK16,TSK16,TSK16,TSK16,TSK16,TSK16,TSK16,TSK16,TSK16,TSK16,TSK16,TSK16,TSK16,TSK16,TSK16,TSK16,TSK16","","",,"","",""
Task,"03 - Build & Lead: Co-create responsibilities and expectations","TSK17",,,,18,,Dark Purple,,False,2023-12-09 05:00,,"0 seconds",,2023-12-09 05:00,"","TSK1,TSK2,TSK3,TSK4,TSK5,TSK6,TSK7,TSK8,TSK9,TSK10,TSK12,TSK18,TSK19,TSK48,TSK14,TSK15,TSK16","TSK17,TSK17,TSK17,TSK17,TSK17,TSK17,TSK17,TSK17,TSK17,TSK17,TSK17,TSK17,TSK17,TSK17,TSK17,TSK17,TSK17,TSK17,TSK17,TSK17,TSK17,TSK17,TSK17,TSK17,TSK17,TSK17,TSK17,TSK17,TSK17,TSK17,TSK17,TSK17,TSK17,TSK17,TSK17,TSK17,TSK17,TSK17,TSK17,TSK17,TSK17,TSK17,TSK17,TSK17,TSK17,TSK17,TSK17,TSK17,TSK17,TSK17,TSK17,TSK17","","",,"","",""
Task,"03 - Build & Lead: Define roles and responsibilities for various departments and their respective teams","TSK20",,,,19,,Dark Purple,,False,2024-01-08 22:00,,"0 seconds",,2024-01-08 22:00,"","TSK1,TSK2,TSK3,TSK4,TSK5,TSK6,TSK7,TSK8,TSK9,TSK10,TSK12,TSK19,TSK48,TSK14,TSK15,TSK16,TSK17,TSK18","TSK20,TSK20,TSK20,TSK20,TSK20,TSK20,TSK20,TSK20,TSK20,TSK20,TSK20,TSK20,TSK20,TSK20,TSK20,TSK20,TSK20,TSK20,TSK20,TSK20,TSK20,TSK20,TSK20,TSK20,TSK20,TSK20,TSK20,TSK20,TSK20,TSK20,TSK20,TSK20,TSK20,TSK20,TSK20,TSK20,TSK20,TSK20,TSK20,TSK20,TSK20,TSK20,TSK20,TSK20,TSK20,TSK20,TSK20,TSK20,TSK20,TSK20,TSK20","","",,"","",""
Task,"03 - Build & Lead: Co-create internal & external communication + relationship strategies","TSK21",,,,20,,Dark Purple,,False,2024-01-29 17:00,,"0 seconds",,2024-01-29 17:00,"","TSK1,TSK2,TSK3,TSK4,TSK5,TSK6,TSK7,TSK8,TSK9,TSK10,TSK12,TSK18,TSK19,TSK48,TSK14,TSK15,TSK16,TSK17,TSK20","TSK21,TSK21,TSK21,TSK21,TSK21,TSK21,TSK21,TSK21,TSK21,TSK21,TSK21,TSK21,TSK21,TSK21,TSK21,TSK21,TSK21,TSK21,TSK21,TSK21,TSK21,TSK21,TSK21,TSK21,TSK21,TSK21,TSK21,TSK21,TSK21,TSK21,TSK21,TSK21,TSK21,TSK21,TSK21,TSK21,TSK21,TSK21,TSK21,TSK21,TSK21,TSK21,TSK21,TSK21,TSK21,TSK21,TSK21,TSK21,TSK21,TSK21","","",,"","",""
Task,"04 - Best Practices: Establish for development, testing, QC/QA, releases, CI/CD, customer support, documentation, security, privacy, information sensitivity","TSK22",,,,21,,Light Teal,,False,2024-02-20 17:00,,"0 seconds",,2024-02-20 17:00,"","TSK1,TSK2,TSK3,TSK4,TSK5,TSK6,TSK7,TSK8,TSK9,TSK10,TSK12,TSK18,TSK19,TSK48,TSK14,TSK15,TSK16,TSK17,TSK20,TSK21","TSK22,TSK22,TSK22,TSK22,TSK22,TSK22,TSK22,TSK22,TSK22,TSK22,TSK22,TSK22,TSK22,TSK22,TSK22,TSK22,TSK22,TSK22,TSK22,TSK22,TSK22,TSK22,TSK22,TSK22,TSK22,TSK22,TSK22,TSK22,TSK22,TSK22,TSK22,TSK22,TSK22,TSK22,TSK22,TSK22,TSK22,TSK22,TSK22,TSK22,TSK22,TSK22,TSK22,TSK22,TSK22,TSK22,TSK22,TSK22,TSK22","","",,"","",""
Task,"04 - Best Practices: Create extensive knowledge base repository (including but not limited to flowcharts, diagrams, architecture decision records, meeting minutes, charts, graphs, performance metrics and wikis)","TSK23",,,,22,,Light Teal,,False,2024-03-13 10:00,,"0 seconds",,2024-03-13 10:00,"","TSK1,TSK2,TSK3,TSK4,TSK5,TSK6,TSK7,TSK8,TSK9,TSK10,TSK12,TSK18,TSK19,TSK48,TSK14,TSK15,TSK16,TSK17,TSK20,TSK21,TSK22","TSK23,TSK23,TSK23,TSK23,TSK23,TSK23,TSK23,TSK23,TSK23,TSK23,TSK23,TSK23,TSK23,TSK23,TSK23,TSK23,TSK23,TSK23,TSK23,TSK23,TSK23,TSK23,TSK23,TSK23,TSK23,TSK23,TSK23,TSK23,TSK23,TSK23,TSK23,TSK23,TSK23,TSK23,TSK23,TSK23,TSK23,TSK23,TSK23,TSK23,TSK23,TSK23,TSK23,TSK23,TSK23,TSK23,TSK23,TSK23","","",,"","",""
Task,"04 - Best Practices: Set accessibility expectations and analyse feasibility and scope","TSK24",,,,23,,Light Teal,,False,2024-04-04 22:00,,"0 seconds",,2024-04-04 22:00,"","TSK1,TSK2,TSK3,TSK4,TSK5,TSK6,TSK7,TSK8,TSK9,TSK10,TSK12,TSK18,TSK19,TSK48,TSK14,TSK15,TSK16,TSK17,TSK20,TSK21,TSK22,TSK23","TSK24,TSK24,TSK24,TSK24,TSK24,TSK24,TSK24,TSK24,TSK24,TSK24,TSK24,TSK24,TSK24,TSK24,TSK24,TSK24,TSK24,TSK24,TSK24,TSK24,TSK24,TSK24,TSK24,TSK24,TSK24,TSK24,TSK24,TSK24,TSK24,TSK24,TSK24,TSK24,TSK24,TSK24,TSK24,TSK24,TSK24,TSK24,TSK24,TSK24,TSK24,TSK24,TSK24,TSK24,TSK24,TSK24,TSK24","","",,"","",""
Task,"04 - Best Practices: Establish complete end-to-end product development lifecycle (including but not limited to decommission, disposal and maintenance)","TSK25",,,,24,,Light Teal,,False,2024-05-02 09:00,,"0 seconds",,2024-05-02 09:00,"","TSK1,TSK2,TSK3,TSK4,TSK5,TSK6,TSK7,TSK8,TSK9,TSK10,TSK12,TSK18,TSK19,TSK48,TSK14,TSK15,TSK16,TSK17,TSK20,TSK21,TSK22,TSK23,TSK24","TSK25,TSK25,TSK25,TSK25,TSK25,TSK25,TSK25,TSK25,TSK25,TSK25,TSK25,TSK25,TSK25,TSK25,TSK25,TSK25,TSK25,TSK25,TSK25,TSK25,TSK25,TSK25,TSK25,TSK25,TSK25,TSK25,TSK25,TSK25,TSK25,TSK25,TSK25,TSK25,TSK25,TSK25,TSK25,TSK25,TSK25,TSK25,TSK25,TSK25,TSK25,TSK25,TSK25,TSK25,TSK25,TSK25","","",,"","",""
Task,"04 - Best Practices: Create development/release/update cycle and strategies","TSK26",,,,25,,Light Teal,,False,2024-05-23 00:00,,"0 seconds",,2024-05-23 00:00,"","TSK1,TSK2,TSK3,TSK4,TSK5,TSK6,TSK7,TSK8,TSK9,TSK10,TSK12,TSK18,TSK19,TSK48,TSK14,TSK15,TSK16,TSK17,TSK20,TSK21,TSK22,TSK23,TSK24,TSK25","TSK26,TSK26,TSK26,TSK26,TSK26,TSK26,TSK26,TSK26,TSK26,TSK26,TSK26,TSK26,TSK26,TSK26,TSK26,TSK26,TSK26,TSK26,TSK26,TSK26,TSK26,TSK26,TSK26,TSK26,TSK26,TSK26,TSK26,TSK26,TSK26,TSK26,TSK26,TSK26,TSK26,TSK26,TSK26,TSK26,TSK26,TSK26,TSK26,TSK26,TSK26,TSK26,TSK26,TSK26,TSK26","","",,"","",""
Task,"04 - Best Practices: Establish industry standard best practices and guidelines throughout the organisation","TSK27",,,,26,,Light Teal,,False,2024-06-10 14:00,,"0 seconds",,2024-06-10 14:00,"","TSK1,TSK2,TSK3,TSK4,TSK5,TSK6,TSK7,TSK8,TSK9,TSK10,TSK12,TSK19,TSK48,TSK16,TSK17,TSK18,TSK20,TSK21,TSK22,TSK23,TSK24,TSK25,TSK26,TSK14,TSK15","TSK27,TSK27,TSK27,TSK27,TSK27,TSK27,TSK27,TSK27,TSK27,TSK27,TSK27,TSK27,TSK27,TSK27,TSK27,TSK27,TSK27,TSK27,TSK27,TSK27,TSK27,TSK27,TSK27,TSK27,TSK27,TSK27,TSK27,TSK27,TSK27,TSK27,TSK27,TSK27,TSK27,TSK27,TSK27,TSK27,TSK27,TSK27,TSK27,TSK27,TSK27,TSK27,TSK27,TSK27","","",,"","",""
Task,"04 - Best Practices: Develop strategies for dealing with inevitable technical and other kinds of debts","TSK28",,,,27,,Light Teal,,False,2024-07-02 10:00,,"0 seconds",,2024-07-02 10:00,"","TSK1,TSK2,TSK3,TSK4,TSK5,TSK6,TSK7,TSK8,TSK9,TSK10,TSK12,TSK18,TSK19,TSK20,TSK14,TSK15,TSK16,TSK17,TSK21,TSK22,TSK23,TSK24,TSK25,TSK26,TSK27,TSK48","TSK28,TSK28,TSK28,TSK28,TSK28,TSK28,TSK28,TSK28,TSK28,TSK28,TSK28,TSK28,TSK28,TSK28,TSK28,TSK28,TSK28,TSK28,TSK28,TSK28,TSK28,TSK28,TSK28,TSK28,TSK28,TSK28,TSK28,TSK28,TSK28,TSK28,TSK28,TSK28,TSK28,TSK28,TSK28,TSK28,TSK28,TSK28,TSK28,TSK28,TSK28,TSK28,TSK28","","",,"","",""
Task,"05 - Evaluate & Optimise: Perform SWOT and Risk Analysis","TSK13",,,,28,,Peach,,False,2024-07-22 14:00,,"0 seconds",,2024-07-22 14:00,"","TSK1,TSK2,TSK3,TSK4,TSK5,TSK6,TSK7,TSK8,TSK9,TSK10,TSK12,TSK18,TSK19,TSK48,TSK14,TSK15,TSK16,TSK17,TSK20,TSK21,TSK22,TSK23,TSK24,TSK25,TSK26,TSK27,TSK28","TSK13,TSK13,TSK13,TSK13,TSK13,TSK13,TSK13,TSK13,TSK13,TSK13,TSK13,TSK13,TSK13,TSK13,TSK13,TSK13,TSK13,TSK13,TSK13,TSK13,TSK13,TSK13,TSK13,TSK13,TSK13,TSK13,TSK13,TSK13,TSK13,TSK13,TSK13,TSK13,TSK13,TSK13,TSK13,TSK13,TSK13,TSK13,TSK13,TSK13,TSK13,TSK13","","",,"","",""
Task,"05 - Evaluate & Optimise: Technical and technological stacks","TSK29",,,,29,,Peach,,False,2024-08-18 13:00,,"0 seconds",,2024-08-18 13:00,"","TSK1,TSK2,TSK3,TSK4,TSK5,TSK6,TSK7,TSK8,TSK9,TSK10,TSK12,TSK13,TSK14,TSK15,TSK16,TSK17,TSK18,TSK19,TSK20,TSK21,TSK22,TSK23,TSK24,TSK25,TSK26,TSK27,TSK28,TSK48","TSK29,TSK29,TSK29,TSK29,TSK29,TSK29,TSK29,TSK29,TSK29,TSK29,TSK29,TSK29,TSK29,TSK29,TSK29,TSK29,TSK29,TSK29,TSK29,TSK29,TSK29,TSK29,TSK29,TSK29,TSK29,TSK29,TSK29,TSK29,TSK29,TSK29,TSK29,TSK29,TSK29,TSK29,TSK29,TSK29,TSK29,TSK29,TSK29,TSK29,TSK29","","",,"","",""
Task,"05 - Evaluate & Optimise: Identify technical and technological capabilities","TSK11",,,,30,,Peach,,False,2024-09-06 07:00,,"0 seconds",,2024-09-06 07:00,"","TSK1,TSK2,TSK3,TSK4,TSK5,TSK6,TSK7,TSK8,TSK9,TSK10,TSK12,TSK18,TSK13,TSK19,TSK20,TSK14,TSK15,TSK16,TSK17,TSK21,TSK22,TSK23,TSK24,TSK25,TSK26,TSK27,TSK28,TSK29,TSK48","TSK11,TSK11,TSK11,TSK11,TSK11,TSK11,TSK11,TSK11,TSK11,TSK11,TSK11,TSK11,TSK11,TSK11,TSK11,TSK11,TSK11,TSK11,TSK11,TSK11,TSK11,TSK11,TSK11,TSK11,TSK11,TSK11,TSK11,TSK11,TSK11,TSK11,TSK11,TSK11,TSK11,TSK11,TSK11,TSK11,TSK11,TSK11,TSK11,TSK11","","",,"","",""
Task,"05 - Evaluate & Optimise: Introduce new (updated and better) technologies","TSK30",,,,31,,Peach,,False,2024-09-28 08:00,,"0 seconds",,2024-09-28 08:00,"","TSK1,TSK2,TSK3,TSK4,TSK5,TSK6,TSK7,TSK8,TSK9,TSK10,TSK11,TSK12,TSK13,TSK14,TSK15,TSK16,TSK17,TSK18,TSK19,TSK20,TSK21,TSK22,TSK23,TSK24,TSK25,TSK26,TSK27,TSK28,TSK29,TSK48","TSK30,TSK30,TSK30,TSK30,TSK30,TSK30,TSK30,TSK30,TSK30,TSK30,TSK30,TSK30,TSK30,TSK30,TSK30,TSK30,TSK30,TSK30,TSK30,TSK30,TSK30,TSK30,TSK30,TSK30,TSK30,TSK30,TSK30,TSK30,TSK30,TSK30,TSK30,TSK30,TSK30,TSK30,TSK30,TSK30,TSK30,TSK30,TSK30","","",,"","",""
Task,"05 - Evaluate & Optimise: Retire old legacy and out-of-date technologies","TSK31",,,,32,,Peach,,False,2024-10-17 10:00,,"0 seconds",,2024-10-17 10:00,"","TSK1,TSK2,TSK3,TSK4,TSK5,TSK6,TSK7,TSK8,TSK9,TSK10,TSK11,TSK12,TSK13,TSK14,TSK15,TSK16,TSK17,TSK18,TSK19,TSK20,TSK21,TSK22,TSK23,TSK24,TSK25,TSK26,TSK27,TSK28,TSK29,TSK30,TSK48","TSK31,TSK31,TSK31,TSK31,TSK31,TSK31,TSK31,TSK31,TSK31,TSK31,TSK31,TSK31,TSK31,TSK31,TSK31,TSK31,TSK31,TSK31,TSK31,TSK31,TSK31,TSK31,TSK31,TSK31,TSK31,TSK31,TSK31,TSK31,TSK31,TSK31,TSK31,TSK31,TSK31,TSK31,TSK31,TSK31,TSK31,TSK31","","",,"","",""
Task,"05 - Evaluate & Optimise: Review and update overall product portfolio and their respective architecture","TSK32",,,,33,,Peach,,False,2024-11-08 10:00,,"0 seconds",,2024-11-08 10:00,"","TSK1,TSK2,TSK3,TSK4,TSK5,TSK6,TSK7,TSK8,TSK29,TSK9,TSK10,TSK11,TSK12,TSK13,TSK14,TSK15,TSK16,TSK17,TSK18,TSK19,TSK20,TSK21,TSK22,TSK23,TSK24,TSK25,TSK26,TSK27,TSK28,TSK30,TSK31,TSK48","TSK32,TSK32,TSK32,TSK32,TSK32,TSK32,TSK32,TSK32,TSK32,TSK32,TSK32,TSK32,TSK32,TSK32,TSK32,TSK32,TSK32,TSK32,TSK32,TSK32,TSK32,TSK32,TSK32,TSK32,TSK32,TSK32,TSK32,TSK32,TSK32,TSK32,TSK32,TSK32,TSK32,TSK32,TSK32,TSK32,TSK32","","",,"","",""
Task,"05 - Evaluate & Optimise: Measure performance, stability, reliability, efficiencies, suitability","TSK33",,,,34,,Peach,,False,2024-12-08 02:00,,"0 seconds",,2024-12-08 02:00,"","TSK1,TSK2,TSK3,TSK4,TSK5,TSK6,TSK7,TSK8,TSK29,TSK10,TSK11,TSK12,TSK13,TSK14,TSK15,TSK16,TSK17,TSK18,TSK19,TSK20,TSK21,TSK22,TSK23,TSK24,TSK25,TSK26,TSK27,TSK28,TSK30,TSK31,TSK32,TSK48,TSK9","TSK33,TSK33,TSK33,TSK33,TSK33,TSK33,TSK33,TSK33,TSK33,TSK33,TSK33,TSK33,TSK33,TSK33,TSK33,TSK33,TSK33,TSK33,TSK33,TSK33,TSK33,TSK33,TSK33,TSK33,TSK33,TSK33,TSK33,TSK33,TSK33,TSK33,TSK33,TSK33,TSK33,TSK33,TSK33,TSK33","","",,"","",""
Task,"05 - Evaluate & Optimise: Establish holistic measurement dimensions, criteria, metrics, KPIs, OKRs and USPs","TSK34",,,,35,,Peach,,False,2024-12-29 10:00,,"0 seconds",,2024-12-29 10:00,"","TSK1,TSK2,TSK3,TSK4,TSK5,TSK6,TSK7,TSK8,TSK29,TSK9,TSK10,TSK11,TSK12,TSK13,TSK14,TSK15,TSK16,TSK17,TSK18,TSK19,TSK20,TSK22,TSK23,TSK24,TSK25,TSK26,TSK27,TSK28,TSK30,TSK21,TSK31,TSK32,TSK33,TSK48","TSK34,TSK34,TSK34,TSK34,TSK34,TSK34,TSK34,TSK34,TSK34,TSK34,TSK34,TSK34,TSK34,TSK34,TSK34,TSK34,TSK34,TSK34,TSK34,TSK34,TSK34,TSK34,TSK34,TSK34,TSK34,TSK34,TSK34,TSK34,TSK34,TSK34,TSK34,TSK34,TSK34,TSK34,TSK34","","",,"","",""
Task,"05 - Evaluate & Optimise: Constantly evaluate business goals and compare against measured metrics and health indicators","TSK35",,,,36,,Peach,,False,2025-01-18 20:00,,"0 seconds",,2025-01-18 20:00,"","TSK1,TSK2,TSK3,TSK4,TSK5,TSK6,TSK7,TSK8,TSK9,TSK10,TSK11,TSK12,TSK13,TSK14,TSK15,TSK16,TSK17,TSK18,TSK19,TSK20,TSK21,TSK22,TSK23,TSK24,TSK25,TSK26,TSK27,TSK28,TSK29,TSK30,TSK31,TSK32,TSK33,TSK34,TSK48","TSK35,TSK35,TSK35,TSK35,TSK35,TSK35,TSK35,TSK35,TSK35,TSK35,TSK35,TSK35,TSK35,TSK35,TSK35,TSK35,TSK35,TSK35,TSK35,TSK35,TSK35,TSK35,TSK35,TSK35,TSK35,TSK35,TSK35,TSK35,TSK35,TSK35,TSK35,TSK35,TSK35,TSK35","","",,"","",""
Task,"05 - Evaluate & Optimise: Infrastructure and organisational/development processes and frameworks","TSK36",,,,37,,Peach,,False,2025-02-09 13:00,,"0 seconds",,2025-02-09 13:00,"","TSK1,TSK2,TSK3,TSK4,TSK5,TSK6,TSK7,TSK8,TSK9,TSK10,TSK11,TSK12,TSK13,TSK14,TSK15,TSK16,TSK17,TSK18,TSK19,TSK20,TSK21,TSK22,TSK23,TSK24,TSK25,TSK26,TSK27,TSK28,TSK29,TSK30,TSK31,TSK32,TSK33,TSK34,TSK35,TSK48","TSK36,TSK36,TSK36,TSK36,TSK36,TSK36,TSK36,TSK36,TSK36,TSK36,TSK36,TSK36,TSK36,TSK36,TSK36,TSK36,TSK36,TSK36,TSK36,TSK36,TSK36,TSK36,TSK36,TSK36,TSK36,TSK36,TSK36,TSK36,TSK36,TSK36,TSK36,TSK36,TSK36","","",,"","",""
Task,"05 - Evaluate & Optimise: Introduce useful smartness and automation to improve efficiency and usability","TSK37",,,,38,,Peach,,False,2025-03-02 05:00,,"0 seconds",,2025-03-02 05:00,"","TSK1,TSK2,TSK3,TSK4,TSK5,TSK6,TSK7,TSK8,TSK9,TSK10,TSK11,TSK12,TSK13,TSK14,TSK15,TSK16,TSK17,TSK18,TSK19,TSK20,TSK21,TSK22,TSK23,TSK24,TSK25,TSK26,TSK27,TSK28,TSK29,TSK30,TSK31,TSK32,TSK33,TSK34,TSK35,TSK36,TSK48","TSK37,TSK37,TSK37,TSK37,TSK37,TSK37,TSK37,TSK37,TSK37,TSK37,TSK37,TSK37,TSK37,TSK37,TSK37,TSK37,TSK37,TSK37,TSK37,TSK37,TSK37,TSK37,TSK37,TSK37,TSK37,TSK37,TSK37,TSK37,TSK37,TSK37,TSK37,TSK37","","",,"","",""
Task,"05 - Evaluate & Optimise: External tools, vendors, solution providers and other market forces","TSK38",,,,39,,Peach,,False,2025-03-28 21:00,,"0 seconds",,2025-03-28 21:00,"","TSK1,TSK2,TSK3,TSK4,TSK5,TSK6,TSK7,TSK8,TSK9,TSK10,TSK11,TSK12,TSK13,TSK14,TSK15,TSK16,TSK17,TSK18,TSK19,TSK20,TSK21,TSK22,TSK23,TSK24,TSK26,TSK27,TSK28,TSK29,TSK30,TSK31,TSK32,TSK33,TSK34,TSK25,TSK35,TSK36,TSK37,TSK48","TSK38,TSK38,TSK38,TSK38,TSK38,TSK38,TSK38,TSK38,TSK38,TSK38,TSK38,TSK38,TSK38,TSK38,TSK38,TSK38,TSK38,TSK38,TSK38,TSK38,TSK38,TSK38,TSK38,TSK38,TSK38,TSK38,TSK38,TSK38,TSK38,TSK38,TSK38","","",,"","",""
Task,"06 - Lifelong Learning: Engage and disseminate culture of lifelong learning by leading as example","TSK39",,,,40,,Red,,False,2025-04-19 02:00,,"0 seconds",,2025-04-19 02:00,"","TSK1,TSK2,TSK4,TSK8,TSK7,TSK12,TSK18,TSK3,TSK10,TSK9,TSK6,TSK19,TSK48,TSK5,TSK21,TSK17,TSK20,TSK16,TSK15,TSK14,TSK26,TSK23,TSK28,TSK25,TSK22,TSK27,TSK24,TSK35,TSK34,TSK38,TSK11,TSK30,TSK36,TSK37,TSK33,TSK13,TSK31,TSK32,TSK29","TSK39,TSK39,TSK39,TSK39,TSK39,TSK39,TSK39,TSK39,TSK39,TSK39,TSK39,TSK39,TSK39,TSK39,TSK39,TSK39,TSK39,TSK39,TSK39,TSK39,TSK39,TSK39,TSK39,TSK39,TSK39,TSK39,TSK39,TSK39,TSK39,TSK39","","",,"","",""
Task,"06 - Lifelong Learning: Propagate required updates throughout the organisation and all levels of hierarchies","TSK40",,,,41,,Red,,False,2025-05-11 04:00,,"0 seconds",,2025-05-11 04:00,"","TSK1,TSK2,TSK4,TSK8,TSK7,TSK12,TSK18,TSK3,TSK10,TSK9,TSK6,TSK19,TSK48,TSK5,TSK21,TSK17,TSK20,TSK16,TSK15,TSK14,TSK26,TSK23,TSK28,TSK25,TSK22,TSK27,TSK24,TSK35,TSK34,TSK38,TSK11,TSK36,TSK30,TSK37,TSK33,TSK13,TSK31,TSK32,TSK29,TSK39","TSK40,TSK40,TSK40,TSK40,TSK40,TSK40,TSK40,TSK40,TSK40,TSK40,TSK40,TSK40,TSK40,TSK40,TSK40,TSK40,TSK40,TSK40,TSK40,TSK40,TSK40,TSK40,TSK40,TSK40,TSK40,TSK40,TSK40,TSK40,TSK40","","",,"","",""
Task,"06 - Lifelong Learning: Attend conferences, webinars, workshops, hackathons, events, expositions and promote gained experience to relevant audience","TSK41",,,,42,,Red,,False,2025-06-01 05:00,,"0 seconds",,2025-06-01 05:00,"","TSK1,TSK2,TSK4,TSK8,TSK7,TSK12,TSK18,TSK3,TSK10,TSK9,TSK6,TSK19,TSK48,TSK5,TSK21,TSK17,TSK20,TSK16,TSK15,TSK14,TSK26,TSK23,TSK28,TSK25,TSK22,TSK27,TSK24,TSK35,TSK34,TSK38,TSK11,TSK36,TSK30,TSK37,TSK33,TSK31,TSK13,TSK32,TSK29,TSK39,TSK40","TSK41,TSK41,TSK41,TSK41,TSK41,TSK41,TSK41,TSK41,TSK41,TSK41,TSK41,TSK41,TSK41,TSK41,TSK41,TSK41,TSK41,TSK41,TSK41,TSK41,TSK41,TSK41,TSK41,TSK41,TSK41,TSK41,TSK41,TSK41","","",,"","",""
Task,"07 - Brand Awareness: Act as brand ambassador/representative and improve overall brand awareness","TSK42",,,,43,,Yellow,,False,2025-06-23 01:00,,"0 seconds",,2025-06-23 01:00,"","TSK1,TSK2,TSK4,TSK8,TSK7,TSK12,TSK18,TSK3,TSK10,TSK9,TSK6,TSK19,TSK48,TSK5,TSK21,TSK17,TSK20,TSK16,TSK15,TSK14,TSK26,TSK23,TSK28,TSK25,TSK22,TSK27,TSK24,TSK35,TSK34,TSK38,TSK11,TSK36,TSK30,TSK37,TSK33,TSK13,TSK31,TSK32,TSK29,TSK41,TSK39,TSK40","TSK42,TSK42,TSK42,TSK42,TSK42,TSK42,TSK42,TSK42,TSK42,TSK42,TSK42,TSK42,TSK42,TSK42,TSK42,TSK42,TSK42,TSK42,TSK42,TSK42,TSK42,TSK42,TSK42,TSK42,TSK42,TSK42,TSK42","","",,"","",""
Task,"07 - Brand Awareness: Co-create inspiring talent acquisition, development and retention strategies","TSK43",,,,44,,Yellow,,False,2025-07-18 06:00,,"0 seconds",,2025-07-18 06:00,"","TSK1,TSK2,TSK4,TSK8,TSK7,TSK12,TSK18,TSK3,TSK10,TSK9,TSK6,TSK19,TSK48,TSK5,TSK21,TSK17,TSK20,TSK16,TSK15,TSK14,TSK26,TSK23,TSK28,TSK25,TSK22,TSK27,TSK24,TSK35,TSK34,TSK38,TSK11,TSK36,TSK30,TSK37,TSK33,TSK13,TSK31,TSK32,TSK29,TSK41,TSK39,TSK40,TSK42","TSK43,TSK43,TSK43,TSK43,TSK43,TSK43,TSK43,TSK43,TSK43,TSK43,TSK43,TSK43,TSK43,TSK43,TSK43,TSK43,TSK43,TSK43,TSK43,TSK43,TSK43,TSK43,TSK43,TSK43,TSK43,TSK43","","",,"","",""
Task,"07 - Brand Awareness: Foster internal/external loyalty and brand awareness/recognition","TSK44",,,,45,,Yellow,,False,2025-08-09 19:00,,"0 seconds",,2025-08-09 19:00,"","TSK1,TSK2,TSK4,TSK8,TSK7,TSK12,TSK18,TSK3,TSK9,TSK6,TSK19,TSK48,TSK10,TSK5,TSK21,TSK17,TSK20,TSK16,TSK15,TSK14,TSK26,TSK23,TSK28,TSK25,TSK22,TSK27,TSK24,TSK35,TSK34,TSK38,TSK11,TSK36,TSK30,TSK37,TSK33,TSK13,TSK31,TSK32,TSK29,TSK41,TSK39,TSK40,TSK42,TSK43","TSK44,TSK44,TSK44,TSK44,TSK44,TSK44,TSK44,TSK44,TSK44,TSK44,TSK44,TSK44,TSK44,TSK44,TSK44,TSK44,TSK44,TSK44,TSK44,TSK44,TSK44,TSK44,TSK44,TSK44,TSK44","","",,"","",""
Task,"07 - Brand Awareness: Seek out investment/cooperation/collaboration/acquisition/merger/ partnership opportunities","TSK45",,,,46,,Yellow,,False,2025-08-31 19:00,,"0 seconds",,2025-08-31 19:00,"","TSK1,TSK2,TSK4,TSK8,TSK7,TSK12,TSK18,TSK3,TSK10,TSK9,TSK6,TSK19,TSK48,TSK5,TSK21,TSK17,TSK20,TSK16,TSK15,TSK14,TSK26,TSK23,TSK28,TSK25,TSK22,TSK27,TSK24,TSK35,TSK34,TSK38,TSK11,TSK36,TSK30,TSK37,TSK33,TSK13,TSK31,TSK32,TSK29,TSK41,TSK39,TSK40,TSK42,TSK43,TSK44","TSK45,TSK45,TSK45,TSK45,TSK45,TSK45,TSK45,TSK45,TSK45,TSK45,TSK45,TSK45,TSK45,TSK45,TSK45,TSK45,TSK45,TSK45,TSK45,TSK45,TSK45,TSK45,TSK45,TSK45","","",,"","",""
Task,"07 - Brand Awareness: Negotiate contracts and fair use/terms of use","TSK46",,,,47,,Yellow,,False,2025-09-23 01:00,,"0 seconds",,2025-09-23 01:00,"","TSK1,TSK2,TSK4,TSK8,TSK7,TSK12,TSK18,TSK3,TSK10,TSK9,TSK6,TSK19,TSK48,TSK5,TSK21,TSK17,TSK20,TSK16,TSK15,TSK14,TSK26,TSK23,TSK28,TSK25,TSK22,TSK27,TSK24,TSK35,TSK34,TSK38,TSK11,TSK36,TSK30,TSK37,TSK33,TSK13,TSK31,TSK32,TSK29,TSK41,TSK39,TSK40,TSK42,TSK43,TSK44,TSK45","TSK46,TSK46,TSK46,TSK46,TSK46,TSK46,TSK46,TSK46,TSK46,TSK46,TSK46,TSK46,TSK46,TSK46,TSK46,TSK46,TSK46,TSK46,TSK46,TSK46,TSK46,TSK46,TSK46","","",,"","",""
Task,"07 - Brand Awareness: Develop plans for consolidation of resources, knowledge, tools, vendors, utilities, services, solution providers","TSK47",,,,48,,Yellow,,False,2025-10-15 00:00,,"0 seconds",,2025-10-15 00:00,"","TSK1,TSK2,TSK4,TSK8,TSK7,TSK12,TSK18,TSK3,TSK10,TSK9,TSK6,TSK19,TSK48,TSK5,TSK21,TSK17,TSK20,TSK16,TSK15,TSK14,TSK26,TSK23,TSK28,TSK25,TSK22,TSK27,TSK24,TSK35,TSK34,TSK38,TSK11,TSK36,TSK30,TSK37,TSK33,TSK13,TSK31,TSK32,TSK29,TSK41,TSK39,TSK40,TSK42,TSK43,TSK44,TSK45,TSK46","TSK47,TSK47,TSK47,TSK47,TSK47,TSK47,TSK47,TSK47,TSK47,TSK47,TSK47,TSK47,TSK47,TSK47,TSK47,TSK47,TSK47,TSK47,TSK47,TSK47,TSK47,TSK47","","",,"","",""
Task,"08 - Security & Privacy Measures: Evaluate, Assess, Implement, Optimise, Advise, Iterate, Test","TSK49",,,,49,,Light Blue,,False,2025-11-08 23:00,,"0 seconds",,2025-11-08 23:00,"","TSK1,TSK2,TSK4,TSK8,TSK7,TSK12,TSK18,TSK3,TSK10,TSK9,TSK6,TSK19,TSK48,TSK5,TSK21,TSK17,TSK20,TSK16,TSK15,TSK14,TSK26,TSK23,TSK28,TSK25,TSK22,TSK27,TSK24,TSK35,TSK34,TSK38,TSK11,TSK36,TSK30,TSK37,TSK33,TSK13,TSK31,TSK32,TSK29,TSK41,TSK39,TSK40,TSK42,TSK43,TSK47,TSK44,TSK46,TSK45","TSK49,TSK49,TSK49,TSK49,TSK49,TSK49,TSK49,TSK49,TSK49,TSK49,TSK49,TSK49,TSK49,TSK49,TSK49,TSK49,TSK49,TSK49,TSK49,TSK49,TSK49","","",,"","",""
Task,"08 - Security & Privacy Measures: Set-up regular vulnerability scanning and penetration testing strategies","TSK50",,,,50,,Light Blue,,False,2025-11-30 02:00,,"0 seconds",,2025-11-30 02:00,"","TSK1,TSK2,TSK4,TSK8,TSK7,TSK12,TSK18,TSK3,TSK10,TSK9,TSK6,TSK19,TSK48,TSK5,TSK21,TSK17,TSK20,TSK16,TSK15,TSK14,TSK26,TSK23,TSK28,TSK25,TSK22,TSK27,TSK24,TSK35,TSK34,TSK38,TSK11,TSK36,TSK30,TSK37,TSK33,TSK13,TSK31,TSK32,TSK29,TSK41,TSK39,TSK40,TSK42,TSK43,TSK47,TSK44,TSK46,TSK45,TSK49","TSK50,TSK50,TSK50,TSK50,TSK50,TSK50,TSK50,TSK50,TSK50,TSK50,TSK50,TSK50,TSK50,TSK50,TSK50,TSK50,TSK50,TSK50,TSK50,TSK50","","",,"","",""
Task,"08 - Security & Privacy Measures: Set-up proactive measures to reduce attack, vulnerability surfaces","TSK51",,,,51,,Light Blue,,False,2025-12-22 06:00,,"0 seconds",,2025-12-22 06:00,"","TSK1,TSK2,TSK4,TSK8,TSK7,TSK12,TSK18,TSK3,TSK10,TSK9,TSK6,TSK19,TSK48,TSK5,TSK21,TSK17,TSK20,TSK16,TSK15,TSK14,TSK26,TSK23,TSK28,TSK25,TSK22,TSK27,TSK24,TSK35,TSK34,TSK38,TSK11,TSK36,TSK30,TSK37,TSK33,TSK13,TSK31,TSK32,TSK29,TSK41,TSK39,TSK40,TSK42,TSK43,TSK47,TSK44,TSK46,TSK45,TSK49,TSK50","TSK51,TSK51,TSK51,TSK51,TSK51,TSK51,TSK51,TSK51,TSK51,TSK51,TSK51,TSK51,TSK51,TSK51,TSK51,TSK51,TSK51,TSK51,TSK51","","",,"","",""
Task,"08 - Security & Privacy Measures: Mitigation, Contingency, Recovery, Resilience","TSK52",,,,52,,Light Blue,,False,2026-01-10 06:00,,"0 seconds",,2026-01-10 06:00,"","TSK1,TSK2,TSK4,TSK8,TSK7,TSK12,TSK18,TSK3,TSK10,TSK9,TSK6,TSK19,TSK48,TSK5,TSK21,TSK17,TSK20,TSK16,TSK15,TSK14,TSK26,TSK23,TSK28,TSK25,TSK22,TSK27,TSK24,TSK35,TSK34,TSK38,TSK11,TSK36,TSK30,TSK37,TSK33,TSK13,TSK31,TSK32,TSK29,TSK41,TSK39,TSK40,TSK42,TSK43,TSK47,TSK44,TSK46,TSK45,TSK49,TSK50,TSK51","TSK52,TSK52,TSK52,TSK52,TSK52,TSK52,TSK52,TSK52,TSK52,TSK52,TSK52,TSK52,TSK52,TSK52,TSK52,TSK52,TSK52,TSK52","","",,"","",""
Task,"08 - Security & Privacy Measures: Measure for handling sensitive and private information + intellectual properties/assets","TSK53",,,,53,,Light Blue,,False,2026-01-31 02:00,,"0 seconds",,2026-01-31 02:00,"","TSK1,TSK2,TSK4,TSK8,TSK7,TSK12,TSK18,TSK3,TSK10,TSK9,TSK6,TSK19,TSK48,TSK5,TSK21,TSK17,TSK20,TSK16,TSK15,TSK14,TSK26,TSK23,TSK28,TSK25,TSK22,TSK27,TSK24,TSK35,TSK34,TSK38,TSK11,TSK36,TSK30,TSK37,TSK33,TSK13,TSK31,TSK32,TSK29,TSK41,TSK39,TSK40,TSK42,TSK43,TSK47,TSK44,TSK46,TSK45,TSK49,TSK50,TSK51,TSK52","TSK53,TSK53,TSK53,TSK53,TSK53,TSK53,TSK53,TSK53,TSK53,TSK53,TSK53,TSK53,TSK53,TSK53,TSK53,TSK53,TSK53","","",,"","",""
Task,"08 - Security & Privacy Measures: Always up-todate state of the art and industry standard encryption and cryptography standards throughout the organisation for all types of data at rest or in transit","TSK54",,,,54,,Light Blue,,False,2026-02-25 14:00,,"0 seconds",,2026-02-25 14:00,"","TSK1,TSK2,TSK4,TSK8,TSK7,TSK12,TSK18,TSK3,TSK10,TSK9,TSK6,TSK19,TSK48,TSK5,TSK21,TSK17,TSK20,TSK16,TSK15,TSK14,TSK26,TSK23,TSK28,TSK25,TSK22,TSK27,TSK24,TSK35,TSK34,TSK38,TSK11,TSK36,TSK30,TSK37,TSK33,TSK13,TSK31,TSK32,TSK29,TSK41,TSK39,TSK40,TSK42,TSK43,TSK47,TSK44,TSK46,TSK45,TSK49,TSK53,TSK52,TSK51,TSK50","TSK54,TSK54,TSK54,TSK54,TSK54,TSK54,TSK54,TSK54,TSK54,TSK54,TSK54,TSK54,TSK54,TSK54,TSK54,TSK54","","",,"","",""
Task,"09 - Automated Monitoring & Alerting Systems: Set-up mechanisms to regularly track performance, traffic, downtimes, maintenance & upgrade schedules","TSK55",,,,55,,Light Teal,,False,2026-03-20 01:00,,"0 seconds",,2026-03-20 01:00,"","TSK1,TSK2,TSK4,TSK8,TSK7,TSK12,TSK18,TSK3,TSK10,TSK9,TSK6,TSK19,TSK48,TSK5,TSK21,TSK17,TSK20,TSK16,TSK15,TSK14,TSK26,TSK23,TSK28,TSK25,TSK22,TSK27,TSK24,TSK35,TSK34,TSK38,TSK11,TSK36,TSK30,TSK37,TSK33,TSK13,TSK31,TSK32,TSK29,TSK41,TSK39,TSK40,TSK42,TSK43,TSK47,TSK44,TSK46,TSK45,TSK54,TSK49,TSK53,TSK52,TSK51,TSK50","TSK55,TSK55,TSK55,TSK55,TSK55,TSK55,TSK55,TSK55,TSK55,TSK55,TSK55,TSK55,TSK55,TSK55,TSK55","","",,"","",""
Task,"09 - Automated Monitoring & Alerting Systems: Define measurement metrics and dimensions","TSK56",,,,56,,Apple,,False,2026-04-11 04:00,,"0 seconds",,2026-04-11 04:00,"","TSK1,TSK2,TSK4,TSK8,TSK7,TSK12,TSK18,TSK3,TSK10,TSK9,TSK6,TSK19,TSK48,TSK5,TSK21,TSK17,TSK20,TSK16,TSK15,TSK14,TSK26,TSK23,TSK28,TSK25,TSK22,TSK27,TSK24,TSK35,TSK34,TSK38,TSK11,TSK36,TSK30,TSK37,TSK33,TSK13,TSK31,TSK32,TSK29,TSK41,TSK39,TSK40,TSK42,TSK43,TSK47,TSK44,TSK46,TSK45,TSK54,TSK49,TSK53,TSK52,TSK51,TSK50,TSK55","TSK56,TSK56,TSK56,TSK56,TSK56,TSK56,TSK56,TSK56,TSK56,TSK56,TSK56,TSK56,TSK56,TSK56","","",,"","",""
Task,"09 - Automated Monitoring & Alerting Systems: Aggregate metrics and link them to KPIs, USPs and OKRs","TSK57",,,,57,,Apple,,False,2026-05-03 08:00,,"0 seconds",,2026-05-03 08:00,"","TSK1,TSK2,TSK4,TSK8,TSK7,TSK12,TSK18,TSK3,TSK10,TSK9,TSK6,TSK19,TSK48,TSK5,TSK21,TSK17,TSK20,TSK16,TSK15,TSK14,TSK26,TSK23,TSK28,TSK25,TSK22,TSK27,TSK24,TSK35,TSK34,TSK38,TSK11,TSK36,TSK30,TSK37,TSK33,TSK13,TSK31,TSK32,TSK29,TSK41,TSK39,TSK40,TSK42,TSK43,TSK47,TSK44,TSK46,TSK45,TSK54,TSK49,TSK53,TSK52,TSK51,TSK50,TSK55,TSK56","TSK57,TSK57,TSK57,TSK57,TSK57,TSK57,TSK57,TSK57,TSK57,TSK57,TSK57,TSK57,TSK57","","",,"","",""
Task,"09 - Automated Monitoring & Alerting Systems: Adjust thresholds and margins regularly","TSK58",,,,58,,Apple,,False,2026-05-25 11:00,,"0 seconds",,2026-05-25 11:00,"","TSK1,TSK2,TSK4,TSK8,TSK7,TSK12,TSK18,TSK3,TSK10,TSK9,TSK6,TSK19,TSK48,TSK5,TSK21,TSK17,TSK20,TSK16,TSK15,TSK14,TSK26,TSK23,TSK28,TSK25,TSK22,TSK27,TSK24,TSK35,TSK34,TSK38,TSK11,TSK36,TSK30,TSK37,TSK33,TSK13,TSK31,TSK32,TSK29,TSK41,TSK39,TSK40,TSK42,TSK43,TSK47,TSK44,TSK46,TSK45,TSK54,TSK49,TSK53,TSK52,TSK51,TSK50,TSK55,TSK56,TSK57","TSK58,TSK58,TSK58,TSK58,TSK58,TSK58,TSK58,TSK58,TSK58,TSK58,TSK58,TSK58","","",,"","",""
Task,"09 - Automated Monitoring & Alerting Systems: Issue resolution and fire-fighting","TSK59",,,,59,,Apple,,False,2026-06-21 10:00,,"0 seconds",,2026-06-21 10:00,"","TSK1,TSK2,TSK4,TSK8,TSK7,TSK12,TSK18,TSK3,TSK10,TSK9,TSK6,TSK19,TSK48,TSK5,TSK21,TSK17,TSK20,TSK16,TSK15,TSK14,TSK26,TSK23,TSK28,TSK25,TSK22,TSK27,TSK24,TSK35,TSK34,TSK38,TSK11,TSK36,TSK30,TSK37,TSK33,TSK13,TSK31,TSK32,TSK29,TSK41,TSK39,TSK40,TSK42,TSK43,TSK47,TSK44,TSK46,TSK45,TSK54,TSK49,TSK53,TSK52,TSK51,TSK50,TSK58,TSK57,TSK55,TSK56","TSK59,TSK59,TSK59,TSK59,TSK59,TSK59,TSK59,TSK59,TSK59,TSK59,TSK59","","",,"","",""
Task,"10 - Disaster Mitigation, Contingency, Management & Recovery: Document business and all other kinds of risk assessment","TSK60",,,,60,,#0a7b75,,False,2026-07-13 17:00,,"0 seconds",,2026-07-13 17:00,"","TSK1,TSK2,TSK4,TSK8,TSK7,TSK12,TSK18,TSK3,TSK10,TSK9,TSK6,TSK19,TSK48,TSK5,TSK21,TSK17,TSK20,TSK16,TSK15,TSK14,TSK26,TSK23,TSK28,TSK25,TSK22,TSK27,TSK24,TSK35,TSK34,TSK38,TSK11,TSK36,TSK30,TSK37,TSK33,TSK13,TSK31,TSK32,TSK29,TSK41,TSK39,TSK40,TSK42,TSK43,TSK47,TSK44,TSK46,TSK45,TSK54,TSK49,TSK53,TSK52,TSK51,TSK50,TSK58,TSK57,TSK56,TSK59,TSK55","TSK60,TSK60,TSK60,TSK60,TSK60,TSK60,TSK60,TSK60,TSK60,TSK60","","",,"","",""
Task,"10 - Disaster Mitigation, Contingency, Management & Recovery: Establish various strategies","TSK61",,,,61,,#0a7b75,,False,2026-08-04 05:00,,"0 seconds",,2026-08-04 05:00,"","TSK1,TSK2,TSK4,TSK8,TSK7,TSK12,TSK18,TSK3,TSK10,TSK9,TSK6,TSK19,TSK48,TSK5,TSK21,TSK17,TSK20,TSK16,TSK15,TSK14,TSK26,TSK23,TSK28,TSK25,TSK22,TSK27,TSK24,TSK35,TSK34,TSK38,TSK11,TSK36,TSK30,TSK37,TSK33,TSK13,TSK31,TSK32,TSK29,TSK41,TSK39,TSK40,TSK42,TSK43,TSK47,TSK44,TSK46,TSK45,TSK54,TSK49,TSK53,TSK52,TSK51,TSK50,TSK58,TSK57,TSK56,TSK59,TSK55,TSK60","TSK61,TSK61,TSK61,TSK61,TSK61,TSK61,TSK61,TSK61,TSK61","","",,"","",""
Task,"10 - Disaster Mitigation, Contingency, Management & Recovery: Establish business continuity protocols","TSK62",,,,62,,#0a7b75,,False,2026-08-24 09:00,,"0 seconds",,2026-08-24 09:00,"","TSK1,TSK2,TSK4,TSK8,TSK7,TSK12,TSK18,TSK3,TSK10,TSK9,TSK6,TSK19,TSK48,TSK5,TSK21,TSK17,TSK20,TSK16,TSK15,TSK14,TSK26,TSK23,TSK28,TSK25,TSK22,TSK27,TSK24,TSK35,TSK34,TSK38,TSK11,TSK36,TSK30,TSK37,TSK33,TSK13,TSK31,TSK32,TSK29,TSK41,TSK39,TSK40,TSK42,TSK43,TSK47,TSK44,TSK46,TSK45,TSK54,TSK49,TSK53,TSK52,TSK51,TSK50,TSK58,TSK57,TSK56,TSK59,TSK55,TSK60,TSK61","TSK62,TSK62,TSK62,TSK62,TSK62,TSK62,TSK62,TSK62","","",,"","",""
Task,"10 - Disaster Mitigation, Contingency, Management & Recovery: Establish mechanisms for minimising disruptions or critical loss of valuable data","TSK63",,,,63,,#0a7b75,,False,2026-09-14 03:00,,"0 seconds",,2026-09-14 03:00,"","TSK1,TSK2,TSK4,TSK8,TSK7,TSK12,TSK18,TSK3,TSK10,TSK9,TSK6,TSK19,TSK48,TSK5,TSK21,TSK17,TSK20,TSK16,TSK15,TSK14,TSK26,TSK23,TSK28,TSK25,TSK22,TSK27,TSK24,TSK35,TSK34,TSK38,TSK11,TSK36,TSK30,TSK37,TSK33,TSK13,TSK31,TSK32,TSK29,TSK41,TSK39,TSK40,TSK42,TSK43,TSK47,TSK44,TSK46,TSK45,TSK54,TSK49,TSK53,TSK52,TSK51,TSK50,TSK58,TSK57,TSK56,TSK59,TSK55,TSK60,TSK62,TSK61","TSK63,TSK63,TSK63,TSK63,TSK63,TSK63,TSK63","","",,"","",""
Task,"10 - Disaster Mitigation, Contingency, Management & Recovery: Develop constanly evolving backup/restore tiers and strategies","TSK64",,,,64,,#0a7b75,,False,2026-10-11 23:00,,"0 seconds",,2026-10-11 23:00,"","TSK1,TSK2,TSK4,TSK8,TSK7,TSK12,TSK18,TSK3,TSK10,TSK9,TSK6,TSK19,TSK48,TSK5,TSK21,TSK17,TSK20,TSK16,TSK15,TSK14,TSK26,TSK23,TSK28,TSK25,TSK22,TSK27,TSK24,TSK35,TSK34,TSK38,TSK11,TSK36,TSK30,TSK37,TSK33,TSK13,TSK31,TSK32,TSK29,TSK41,TSK39,TSK40,TSK42,TSK43,TSK47,TSK44,TSK46,TSK45,TSK54,TSK49,TSK53,TSK52,TSK51,TSK50,TSK58,TSK57,TSK56,TSK59,TSK55,TSK60,TSK62,TSK63,TSK61","TSK64,TSK64,TSK64,TSK64,TSK64,TSK64","","",,"","",""
Task,"11 - Wrestle with complexities and dependencies: Establish achievable Service-Level-Agreements (SLAs)","TSK65",,,,65,,#bc28c8,,False,2026-11-02 00:00,,"0 seconds",,2026-11-02 00:00,"","TSK1,TSK2,TSK4,TSK8,TSK7,TSK12,TSK18,TSK3,TSK10,TSK9,TSK6,TSK19,TSK48,TSK5,TSK21,TSK17,TSK20,TSK16,TSK15,TSK14,TSK26,TSK23,TSK28,TSK25,TSK22,TSK27,TSK24,TSK35,TSK34,TSK38,TSK11,TSK36,TSK30,TSK37,TSK33,TSK13,TSK31,TSK32,TSK29,TSK41,TSK39,TSK40,TSK42,TSK43,TSK47,TSK44,TSK46,TSK45,TSK54,TSK49,TSK53,TSK52,TSK51,TSK50,TSK58,TSK57,TSK56,TSK59,TSK55,TSK64,TSK60,TSK62,TSK63,TSK61","TSK65,TSK65,TSK65,TSK65,TSK65","","",,"","",""
Task,"11 - Wrestle with complexities and dependencies: Minimise fragility, attack and dependency surfaces","TSK66",,,,66,,#bc28c8,,False,2026-11-18 22:00,,"0 seconds",,2026-11-18 22:00,"","TSK1,TSK2,TSK4,TSK8,TSK7,TSK12,TSK18,TSK3,TSK10,TSK9,TSK6,TSK19,TSK48,TSK5,TSK21,TSK17,TSK20,TSK16,TSK15,TSK14,TSK26,TSK23,TSK28,TSK25,TSK22,TSK27,TSK24,TSK35,TSK34,TSK38,TSK11,TSK36,TSK30,TSK37,TSK33,TSK13,TSK31,TSK32,TSK29,TSK41,TSK39,TSK40,TSK42,TSK43,TSK47,TSK44,TSK46,TSK45,TSK54,TSK49,TSK53,TSK52,TSK51,TSK50,TSK58,TSK57,TSK56,TSK59,TSK55,TSK64,TSK60,TSK62,TSK63,TSK61,TSK65","TSK66,TSK66,TSK66,TSK66","","",,"","",""
Task,"11 - Wrestle with complexities and dependencies: Identify alternative solutions, tools, technologies, vendors, solution providers","TSK67",,,,67,,#bc28c8,,False,2026-12-09 18:00,,"0 seconds",,2026-12-09 18:00,"","TSK1,TSK2,TSK4,TSK8,TSK7,TSK12,TSK18,TSK3,TSK10,TSK9,TSK6,TSK19,TSK48,TSK5,TSK21,TSK17,TSK20,TSK16,TSK15,TSK14,TSK26,TSK23,TSK28,TSK25,TSK22,TSK27,TSK24,TSK35,TSK34,TSK38,TSK11,TSK36,TSK30,TSK37,TSK33,TSK13,TSK31,TSK32,TSK29,TSK41,TSK39,TSK40,TSK42,TSK43,TSK47,TSK44,TSK46,TSK45,TSK54,TSK49,TSK53,TSK52,TSK51,TSK50,TSK58,TSK57,TSK56,TSK59,TSK55,TSK64,TSK60,TSK62,TSK63,TSK61,TSK65,TSK66","TSK67,TSK67,TSK67","","",,"","",""
Task,"11 - Wrestle with complexities and dependencies: Resolve Competition (healthy/unhealthy) and Co-operation strategies","TSK68",,,,68,,#bc28c8,,False,2027-01-01 01:00,,"0 seconds",,2027-01-01 01:00,"","TSK1,TSK2,TSK4,TSK8,TSK7,TSK12,TSK18,TSK3,TSK10,TSK9,TSK6,TSK19,TSK48,TSK5,TSK21,TSK17,TSK20,TSK16,TSK15,TSK14,TSK26,TSK23,TSK28,TSK25,TSK22,TSK27,TSK24,TSK35,TSK34,TSK38,TSK11,TSK36,TSK30,TSK37,TSK33,TSK13,TSK31,TSK32,TSK29,TSK41,TSK39,TSK40,TSK42,TSK47,TSK44,TSK46,TSK43,TSK45,TSK54,TSK49,TSK53,TSK52,TSK51,TSK50,TSK58,TSK57,TSK56,TSK59,TSK55,TSK64,TSK60,TSK62,TSK63,TSK61,TSK65,TSK67,TSK66","TSK68,TSK68","","",,"","",""
Task,"11 - Wrestle with complexities and dependencies: Support sales, marketing and all other departments for seamless business operation","TSK69",,,,69,,#bc28c8,,False,2027-01-25 05:00,,"0 seconds",,2027-01-25 05:00,"","TSK1,TSK2,TSK4,TSK64,TSK55,TSK8,TSK7,TSK12,TSK18,TSK3,TSK10,TSK9,TSK6,TSK19,TSK48,TSK5,TSK21,TSK17,TSK20,TSK16,TSK15,TSK14,TSK26,TSK23,TSK28,TSK25,TSK22,TSK27,TSK24,TSK35,TSK34,TSK38,TSK11,TSK36,TSK30,TSK37,TSK33,TSK13,TSK31,TSK32,TSK29,TSK41,TSK39,TSK40,TSK42,TSK43,TSK47,TSK44,TSK46,TSK45,TSK54,TSK49,TSK53,TSK52,TSK51,TSK50,TSK58,TSK57,TSK56,TSK59,TSK60,TSK62,TSK63,TSK61,TSK65,TSK67,TSK66,TSK68","TSK69","","",,"","",""
Task,"11 - Wrestle with complexities and dependencies: Prepare overall business outlook for far future based on various health indicators","TSK70",,,,70,,#bc28c8,,False,2027-02-16 04:00,,"0 seconds",,2027-02-16 04:00,"","TSK1,TSK2,TSK56,TSK34,TSK38,TSK67,TSK47,TSK3,TSK14,TSK45,TSK4,TSK5,TSK6,TSK7,TSK58,TSK57,TSK59,TSK55,TSK26,TSK23,TSK28,TSK25,TSK22,TSK27,TSK24,TSK42,TSK43,TSK44,TSK46,TSK21,TSK17,TSK20,TSK16,TSK15,TSK8,TSK12,TSK18,TSK10,TSK9,TSK19,TSK48,TSK64,TSK60,TSK62,TSK63,TSK61,TSK35,TSK11,TSK36,TSK30,TSK37,TSK33,TSK13,TSK31,TSK32,TSK29,TSK41,TSK39,TSK40,TSK54,TSK49,TSK53,TSK52,TSK51,TSK50,TSK65,TSK66,TSK68,TSK69","","","",,"","",""